{
    "line_data": [
        {
            "line1_x": 0.594910581203843,
            "line1_y": 8.007739143385699
        },
        {
            "line2_x": 0.259999604656611,
            "line2_y": 8.230598598418771
        },
        {
            "line3_x": 0.483517421531111,
            "line3_y": 8.401791825054666
        },
        {
            "line4_x": 0.726847506726961,
            "line4_y": 8.207596904485463
        }
    ]
}